decision_rule,threshold,accuracy,f1_macro,precision_pos,recall_pos,f1_pos,cost
Official test - threshold 0.50,0.5,0.987375,0.8822418184661442,0.6706114398422091,0.9066666666666666,0.7709750566893424,19170
Official test - best threshold,0.15,0.9749375,0.8146487517289651,0.48257372654155495,0.96,0.6422836752899197,11360
